{
    "manifest_version": 2,
    "name": "GitHub Dark Theme",
    "short_name": "GitHub Dark Theme",
    "description": "A Dark theme for all of GitHub based on Atom One Dark.",
    "version": "1.0.40",
    "applications": {
        "gecko": {
            "id": "{1dbe3fd3-f191-4a3b-a5d7-a6f95ed2aea1}"
        }
    },
    "content_scripts": [
        {
            "matches": [
                "https://*.github.com/*"
            ],
            "run_at": "document_start",
            "css": [
                "app/app.css"
            ]
        }
    ],
    "icons": {
        "16": "icons/icon16.png",
        "48": "icons/icon48.png",
        "128": "icons/icon128.png"
    }
}